{
    "setting": {},
    "condition": {
        "plugin": {
            "list": []
        },
        "game": {
            "list": []
        },
        "gamePlugin": {
            "list": []
        },
        "miniprogram": {
            "list": [
                {
                    "name": "food",
                    "pathName": "pages/food/food",
                    "query": "",
                    "scene": null
                },
                {
                    "name": "购物车",
                    "pathName": "pages/Mychat/Mychat",
                    "query": "",
                    "scene": null
                },
                {
                    "name": "登录",
                    "pathName": "pages/about/about",
                    "query": "",
                    "scene": null
                }
            ]
        }
    }
}