{
    "data": [{
            "icon": "images/listenSpeak/touxiang.png",
            "title": "那都是故事",
            "author": "可爱鬼",
            "ts": "生活",
            "comment": "当我回想自己这近三十年的人生（其实还有两年），我随心所欲，浅尝辄止。去不同的地方，做不同的工作，交不同的朋友。简单地一天天活着，每天都想做点别的事，却又每天都无所事事。身无分文，但未曾有过任何担忧，也没有留下什么遗憾，直到一步步走进三十岁的时候，我才发现，已身处陷阱之中。正如这个小说中的主人公一样：",
            "desc": "生活系列",
            "i": 60,
            "c": 75
        },
        {
            "icon": "images/listenSpeak/touxiang.png",
            "title": "那都是故事",
            "author": "可爱鬼",
            "ts": "生活",
            "comment": "当我回想自己这近三十年的人生（其实还有两年），我随心所欲，浅尝辄止。去不同的地方，做不同的工作，交不同的朋友。简单地一天天活着，每天都想做点别的事，却又每天都无所事事。身无分文，但未曾有过任何担忧，也没有留下什么遗憾，直到一步步走进三十岁的时候，我才发现，已身处陷阱之中。正如这个小说中的主人公一样：",
            "desc": "生活系列",
            "i": 60,
            "c": 75
        },
        {
            "icon": "images/listenSpeak/touxiang.png",
            "title": "那都是故事",
            "author": "可爱鬼",
            "ts": "生活",
            "comment": "当我回想自己这近三十年的人生（其实还有两年），我随心所欲，浅尝辄止。去不同的地方，做不同的工作，交不同的朋友。简单地一天天活着，每天都想做点别的事，却又每天都无所事事。身无分文，但未曾有过任何担忧，也没有留下什么遗憾，直到一步步走进三十岁的时候，我才发现，已身处陷阱之中。正如这个小说中的主人公一样：",
            "desc": "生活系列",
            "i": 60,
            "c": 75
        },
        {
            "icon": "images/listenSpeak/touxiang.png",
            "title": "那都是故事",
            "author": "可爱鬼",
            "ts": "生活",
            "comment": "当我回想自己这近三十年的人生（其实还有两年），我随心所欲，浅尝辄止。去不同的地方，做不同的工作，交不同的朋友。简单地一天天活着，每天都想做点别的事，却又每天都无所事事。身无分文，但未曾有过任何担忧，也没有留下什么遗憾，直到一步步走进三十岁的时候，我才发现，已身处陷阱之中。正如这个小说中的主人公一样：",
            "desc": "生活系列",
            "i": 60,
            "c": 75
        },
        {
            "icon": "images/listenSpeak/touxiang.png",
            "title": "那都是故事",
            "author": "可爱鬼",
            "ts": "生活",
            "comment": "当我回想自己这近三十年的人生（其实还有两年），我随心所欲，浅尝辄止。去不同的地方，做不同的工作，交不同的朋友。简单地一天天活着，每天都想做点别的事，却又每天都无所事事。身无分文，但未曾有过任何担忧，也没有留下什么遗憾，直到一步步走进三十岁的时候，我才发现，已身处陷阱之中。正如这个小说中的主人公一样：",
            "desc": "生活系列",
            "i": 60,
            "c": 75
        },
        {
            "icon": "images/listenSpeak/touxiang.png",
            "title": "那都是故事",
            "author": "可爱鬼",
            "ts": "生活",
            "comment": "当我回想自己这近三十年的人生（其实还有两年），我随心所欲，浅尝辄止。去不同的地方，做不同的工作，交不同的朋友。简单地一天天活着，每天都想做点别的事，却又每天都无所事事。身无分文，但未曾有过任何担忧，也没有留下什么遗憾，直到一步步走进三十岁的时候，我才发现，已身处陷阱之中。正如这个小说中的主人公一样：",
            "desc": "生活系列",
            "i": 60,
            "c": 75
        }, {
            "icon": "images/listenSpeak/touxiang.png",
            "title": "那都是故事",
            "author": "可爱鬼",
            "ts": "生活",
            "comment": "当我回想自己这近三十年的人生（其实还有两年），我随心所欲，浅尝辄止。去不同的地方，做不同的工作，交不同的朋友。简单地一天天活着，每天都想做点别的事，却又每天都无所事事。身无分文，但未曾有过任何担忧，也没有留下什么遗憾，直到一步步走进三十岁的时候，我才发现，已身处陷阱之中。正如这个小说中的主人公一样：",
            "desc": "生活系列",
            "i": 60,
            "c": 75
        }
    ]
}