{
    "yuezhang": [{
            "id": 1001,
            "img": "images/yuezhangPic_05.png",
            "username": "小夏同学",
            "title": "旅游攻略",
            "desc": "风会记得一朵花的香，而我会记得你，你像身边的彩虹一般，绚丽多彩，可触不可及，世间万物不及你",
            "zan": 30,
            "comment": 40
        }, {
            "id": 1002,
            "img": "images/yuezhangPic_05.png",
            "username": "小魏同学",
            "title": "道不拾遗",
            "desc": "年年有今日，岁岁有今朝，你很美丽，也很动人，很惹人喜欢，但是不管怎样，我只喜欢你",
            "zan": 50,
            "comment": 70
        },
        {
            "id": 1003,
            "img": "images/yuezhangPic_05.png",
            "username": "五脱离帮",
            "title": "杂七杂八",
            "desc": "身边的云彩很温柔很美丽很漂亮，你也一样，你带给我的不只有快乐，还有那数不完的欢乐跟快乐",
            "zan": 30,
            "comment": 40
        },
        {
            "id": 1004,
            "img": "images/yuezhangPic_05.png",
            "username": "梦中多彩",
            "title": "情话不说",
            "desc": "我喜欢你，就像你妈打你，不讲道理，就像老鼠爱大米，命中注定",
            "zan": 30,
            "comment": 40
        }




    ]
}