{
    "youji": [{
            "id": 1001,
            "img": "images/youji_38.png",
            "title": "跨越赤道的蜜月行-醉美毛里求斯",
            "author": "鱼头小姐-missyu",
            "desc": "时光旅行，时间真的会过的很快 ，如白驹过隙，转瞬间消逝，平平淡淡的普通人的生活最值得最求"
        },
        {
            "id": 1002,
            "img": "images/youji_38.png",
            "title": "跨越赤道的蜜月行-醉美毛里求斯",
            "author": "鱼头小姐-missyu",
            "desc": "时光旅行，时间真的会过的很快 ，如白驹过隙，转瞬间消逝，平平淡淡的普通人的生活最值得最求"
        },
        {
            "id": 1003,
            "img": "images/youji_38.png",
            "title": "跨越赤道的蜜月行-醉美毛里求斯",
            "author": "鱼头小姐-missyu",
            "desc": "时光旅行，时间真的会过的很快 ，如白驹过隙，转瞬间消逝，平平淡淡的普通人的生活最值得最求"
        }, {
            "id": 1004,
            "img": "images/youji_38.png",
            "title": "跨越赤道的蜜月行-醉美毛里求斯",
            "author": "鱼头小姐-missyu",
            "desc": "时光旅行，时间真的会过的很快 ，如白驹过隙，转瞬间消逝，平平淡淡的普通人的生活最值得最求"
        }
    ]
}