{
    "readList": [{
            "id": 1001,
            "title": "人散后一勾新月天如水，庆州的来去游记",
            "img": "http://localhost/bluepad/images/related-read_03.png"
        },
        {
            "id": 1002,
            "title": "但是开机能否尽快如水，庆州的来去游记",
            "img": "http://localhost/bluepad/images/related-read_03.png"
        },
        {
            "id": 1003,
            "title": "速度快解放你空间大师傅呢，庆州的来去游记",
            "img": "http://localhost/bluepad/images/related-read_03.png"
        },
        {
            "id": 1004,
            "title": "开始都会饿哦我就，庆州的来去游记",
            "img": "http://localhost/bluepad/images/related-read_03.png"
        }
    ]
}