{
    "data": [{
            "icon": "images/listenSpeak/touxiang.png",
            "title": "那都是故事",
            "author": "可爱鬼",
            "ts": "生活",
            "img": "images/listenSpeak/zhanshi.jpg",
            "desc": "生活系列",
            "i": 60,
            "c": 75
        }, {
            "icon": "images/listenSpeak/touxiang.png",
            "title": "那都是故事",
            "author": "可爱鬼",
            "ts": "生活",
            "img": "images/listenSpeak/zhanshi2.jpg",
            "desc": "生活系列",
            "i": 620,
            "c": 745
        },
        {
            "icon": "images/listenSpeak/touxiang.png",
            "title": "那都是故事",
            "author": "可爱鬼",
            "ts": "生活",
            "img": "images/listenSpeak/zhanshi.jpg",
            "desc": "生活系列",
            "i": 640,
            "c": 715
        },
        {
            "icon": "images/listenSpeak/touxiang.png",
            "title": "那都是故事",
            "author": "可爱鬼",
            "ts": "生活",
            "img": "images/listenSpeak/zhanshi2.jpg",
            "desc": "生活系列",
            "i": 60,
            "c": 75
        }, {
            "icon": "images/listenSpeak/touxiang.png",
            "title": "那都是故事",
            "author": "可爱鬼",
            "ts": "生活",
            "img": "images/listenSpeak/zhanshi2.jpg",
            "desc": "生活系列",
            "i": 4,
            "c": 715
        }, {
            "icon": "images/listenSpeak/touxiang.png",
            "title": "那都是故事",
            "author": "可爱鬼",
            "ts": "生活",
            "img": "images/listenSpeak/zhanshi2.jpg",
            "desc": "生活系列",
            "i": 460,
            "c": 75
        }
    ]
}