{
  "id": "",
  "name": "",
  "font_family": "iconfont",
  "css_prefix_text": "icon-",
  "description": "",
  "glyphs": [
    {
      "icon_id": "1090",
      "name": "图书",
      "font_class": "tushu",
      "unicode": "f00a1",
      "unicode_decimal": 983201
    },
    {
      "icon_id": "666885",
      "name": "设置",
      "font_class": "shezhi",
      "unicode": "e68f",
      "unicode_decimal": 59023
    },
    {
      "icon_id": "3522449",
      "name": "个人",
      "font_class": "geren",
      "unicode": "e608",
      "unicode_decimal": 58888
    },
    {
      "icon_id": "6900161",
      "name": "综合控制台",
      "font_class": "zonghekongzhitai",
      "unicode": "e692",
      "unicode_decimal": 59026
    },
    {
      "icon_id": "8124844",
      "name": "书架",
      "font_class": "shujia",
      "unicode": "e610",
      "unicode_decimal": 58896
    }
  ]
}
